section,SAMPLE_NUM,N_COARSE,N_REF,coarse_J_min,coarse_J_mean,coarse_Z_EW,coarse_ESS,coarse_ESS_ratio,key,obs_mean,obs_min,obs_max,obs_std,obs_mean_abs,sigma,sigma_source,param,low_norm,up_norm,low_real,up_real,width_norm,method,resource_power,N,sqrt_N,repeat,exact_min_index,exact_min_J,QMSA_index,QMSA_J,abs_J_error,success_by_value,oracle_calls,classical_queries,query_reduction_factor,mean_oracle_calls,std_oracle_calls,mean_abs_J_error,success_rate,mean_query_reduction,N_or_Q,N_ref,Z_true,Z_est_mean,Z_est_std,MAE,RMSE,QAE_state_qubits,QAE_eval_qubits,histogram_target_E_f,MC_slope,QAE_slope
meta,16384.0,256.0,16384.0,0.0,443.4924640616035,0.00390625710690186,1.0000036387338815,0.003906264213804225,,,,,,,,,,,,,,,,,,,,,,,,,,,,,,,,,,,,,,,,,,,,,
sigma,,,,,,,,,PH,7.999707818181818,7.17446,8.9294,0.4564954322929535,7.999707818181818,0.7999707818181818,10pct_mean_abs_obs,,,,,,,,,,,,,,,,,,,,,,,,,,,,,,,,,,,,,
sigma,,,,,,,,,Mg,0.2776335593103448,0.00377574,0.60268,0.2096128906111122,0.2776335593103448,0.02776335593103448,10pct_mean_abs_obs,,,,,,,,,,,,,,,,,,,,,,,,,,,,,,,,,,,,,
sigma,,,,,,,,,Ca,0.7052980877192983,0.0446746,2.09533,0.5641921636311036,0.7052980877192983,0.07052980877192983,10pct_mean_abs_obs,,,,,,,,,,,,,,,,,,,,,,,,,,,,,,,,,,,,,
sigma,,,,,,,,,Na,1.4545491388,0.00156147,6.02578,1.6395070163763434,1.4545491388,0.14545491388,10pct_mean_abs_obs,,,,,,,,,,,,,,,,,,,,,,,,,,,,,,,,,,,,,
sigma,,,,,,,,,K,0.2126418368421053,0.0393813,0.417119,0.10357314437024455,0.2126418368421053,0.02126418368421053,10pct_mean_abs_obs,,,,,,,,,,,,,,,,,,,,,,,,,,,,,,,,,,,,,
sigma,,,,,,,,,HCO3,3.0202536538461544,1.68326,5.9481,0.8336419531167232,3.0202536538461544,0.30202536538461544,10pct_mean_abs_obs,,,,,,,,,,,,,,,,,,,,,,,,,,,,,,,,,,,,,
refined_bounds,,,,,,,,,,,,,,,,,cation_ecof[1],0.6425409134868842,0.7425409134868843,0.6140327307895074,0.6940327307895074,0.10000000000000009,,,,,,,,,,,,,,,,,,,,,,,,,,,,,,,
refined_bounds,,,,,,,,,,,,,,,,,cation_ecof[2],0.637600397629471,0.737600397629471,0.6100803181035768,0.6900803181035768,0.10000000000000009,,,,,,,,,,,,,,,,,,,,,,,,,,,,,,,
refined_bounds,,,,,,,,,,,,,,,,,cation_ecof[3],0.4533812170110553,0.5533812170110554,4.173668519077387e-06,4.873668519077387e-06,0.10000000000000003,,,,,,,,,,,,,,,,,,,,,,,,,,,,,,,
refined_bounds,,,,,,,,,,,,,,,,,CEC[0],0.23455378158406265,0.3345537815840626,2.172768907920313,2.672768907920313,0.09999999999999998,,,,,,,,,,,,,,,,,,,,,,,,,,,,,,,
refined_bounds,,,,,,,,,,,,,,,,,bouncon[1],0.21932336751214387,0.31932336751214385,0.0015018347760388604,0.0018218347760388604,0.09999999999999998,,,,,,,,,,,,,,,,,,,,,,,,,,,,,,,
refined_bounds,,,,,,,,,,,,,,,,,bouncon[5],0.2472525245068033,0.3472525245068033,0.00248351514704082,0.00308351514704082,0.09999999999999998,,,,,,,,,,,,,,,,,,,,,,,,,,,,,,,
qmsa_raw,,,,,,,,,,,,,,,,,,,,,,,QMSA,2.0,4.0,2.0,0.0,3.0,0.0,3.0,0.0,0.0,True,0.0,4.0,4.0,,,,,,,,,,,,,,,,,
qmsa_raw,,,,,,,,,,,,,,,,,,,,,,,QMSA,2.0,4.0,2.0,1.0,3.0,0.0,3.0,0.0,0.0,True,0.0,4.0,4.0,,,,,,,,,,,,,,,,,
qmsa_raw,,,,,,,,,,,,,,,,,,,,,,,QMSA,2.0,4.0,2.0,2.0,3.0,0.0,3.0,0.0,0.0,True,5.0,4.0,0.8,,,,,,,,,,,,,,,,,
qmsa_raw,,,,,,,,,,,,,,,,,,,,,,,QMSA,2.0,4.0,2.0,3.0,3.0,0.0,3.0,0.0,0.0,True,0.0,4.0,4.0,,,,,,,,,,,,,,,,,
qmsa_raw,,,,,,,,,,,,,,,,,,,,,,,QMSA,2.0,4.0,2.0,4.0,3.0,0.0,3.0,0.0,0.0,True,1.0,4.0,4.0,,,,,,,,,,,,,,,,,
qmsa_raw,,,,,,,,,,,,,,,,,,,,,,,QMSA,3.0,8.0,2.8284271247461903,0.0,6.0,0.0,6.0,0.0,0.0,True,1.0,8.0,8.0,,,,,,,,,,,,,,,,,
qmsa_raw,,,,,,,,,,,,,,,,,,,,,,,QMSA,3.0,8.0,2.8284271247461903,1.0,6.0,0.0,6.0,0.0,0.0,True,1.0,8.0,8.0,,,,,,,,,,,,,,,,,
qmsa_raw,,,,,,,,,,,,,,,,,,,,,,,QMSA,3.0,8.0,2.8284271247461903,2.0,6.0,0.0,6.0,0.0,0.0,True,1.0,8.0,8.0,,,,,,,,,,,,,,,,,
qmsa_raw,,,,,,,,,,,,,,,,,,,,,,,QMSA,3.0,8.0,2.8284271247461903,3.0,6.0,0.0,6.0,0.0,0.0,True,7.0,8.0,1.1428571428571428,,,,,,,,,,,,,,,,,
qmsa_raw,,,,,,,,,,,,,,,,,,,,,,,QMSA,3.0,8.0,2.8284271247461903,4.0,6.0,0.0,6.0,0.0,0.0,True,0.0,8.0,8.0,,,,,,,,,,,,,,,,,
qmsa_raw,,,,,,,,,,,,,,,,,,,,,,,QMSA,4.0,16.0,4.0,0.0,0.0,0.0,0.0,0.0,0.0,True,3.0,16.0,5.333333333333333,,,,,,,,,,,,,,,,,
qmsa_raw,,,,,,,,,,,,,,,,,,,,,,,QMSA,4.0,16.0,4.0,1.0,0.0,0.0,0.0,0.0,0.0,True,14.0,16.0,1.1428571428571428,,,,,,,,,,,,,,,,,
qmsa_raw,,,,,,,,,,,,,,,,,,,,,,,QMSA,4.0,16.0,4.0,2.0,0.0,0.0,0.0,0.0,0.0,True,1.0,16.0,16.0,,,,,,,,,,,,,,,,,
qmsa_raw,,,,,,,,,,,,,,,,,,,,,,,QMSA,4.0,16.0,4.0,3.0,0.0,0.0,0.0,0.0,0.0,True,4.0,16.0,4.0,,,,,,,,,,,,,,,,,
qmsa_raw,,,,,,,,,,,,,,,,,,,,,,,QMSA,4.0,16.0,4.0,4.0,0.0,0.0,0.0,0.0,0.0,True,3.0,16.0,5.333333333333333,,,,,,,,,,,,,,,,,
qmsa_raw,,,,,,,,,,,,,,,,,,,,,,,QMSA,5.0,32.0,5.656854249492381,0.0,25.0,0.0,25.0,0.0,0.0,True,8.0,32.0,4.0,,,,,,,,,,,,,,,,,
qmsa_raw,,,,,,,,,,,,,,,,,,,,,,,QMSA,5.0,32.0,5.656854249492381,1.0,25.0,0.0,9.0,3.7488106014022406,3.7488106014022406,False,22.0,32.0,1.4545454545454546,,,,,,,,,,,,,,,,,
qmsa_raw,,,,,,,,,,,,,,,,,,,,,,,QMSA,5.0,32.0,5.656854249492381,2.0,25.0,0.0,25.0,0.0,0.0,True,1.0,32.0,32.0,,,,,,,,,,,,,,,,,
qmsa_raw,,,,,,,,,,,,,,,,,,,,,,,QMSA,5.0,32.0,5.656854249492381,3.0,25.0,0.0,25.0,0.0,0.0,True,4.0,32.0,8.0,,,,,,,,,,,,,,,,,
qmsa_raw,,,,,,,,,,,,,,,,,,,,,,,QMSA,5.0,32.0,5.656854249492381,4.0,25.0,0.0,25.0,0.0,0.0,True,2.0,32.0,16.0,,,,,,,,,,,,,,,,,
qmsa_raw,,,,,,,,,,,,,,,,,,,,,,,QMSA,6.0,64.0,8.0,0.0,5.0,0.0,5.0,0.0,0.0,True,15.0,64.0,4.266666666666667,,,,,,,,,,,,,,,,,
qmsa_raw,,,,,,,,,,,,,,,,,,,,,,,QMSA,6.0,64.0,8.0,1.0,5.0,0.0,5.0,0.0,0.0,True,0.0,64.0,64.0,,,,,,,,,,,,,,,,,
qmsa_raw,,,,,,,,,,,,,,,,,,,,,,,QMSA,6.0,64.0,8.0,2.0,5.0,0.0,5.0,0.0,0.0,True,1.0,64.0,64.0,,,,,,,,,,,,,,,,,
qmsa_raw,,,,,,,,,,,,,,,,,,,,,,,QMSA,6.0,64.0,8.0,3.0,5.0,0.0,5.0,0.0,0.0,True,24.0,64.0,2.6666666666666665,,,,,,,,,,,,,,,,,
qmsa_raw,,,,,,,,,,,,,,,,,,,,,,,QMSA,6.0,64.0,8.0,4.0,5.0,0.0,5.0,0.0,0.0,True,10.0,64.0,6.4,,,,,,,,,,,,,,,,,
qmsa_raw,,,,,,,,,,,,,,,,,,,,,,,QMSA,7.0,128.0,11.313708498984761,0.0,61.0,0.0,61.0,0.0,0.0,True,12.0,128.0,10.666666666666666,,,,,,,,,,,,,,,,,
qmsa_raw,,,,,,,,,,,,,,,,,,,,,,,QMSA,7.0,128.0,11.313708498984761,1.0,61.0,0.0,61.0,0.0,0.0,True,25.0,128.0,5.12,,,,,,,,,,,,,,,,,
qmsa_raw,,,,,,,,,,,,,,,,,,,,,,,QMSA,7.0,128.0,11.313708498984761,2.0,61.0,0.0,61.0,0.0,0.0,True,25.0,128.0,5.12,,,,,,,,,,,,,,,,,
qmsa_raw,,,,,,,,,,,,,,,,,,,,,,,QMSA,7.0,128.0,11.313708498984761,3.0,61.0,0.0,61.0,0.0,0.0,True,1.0,128.0,128.0,,,,,,,,,,,,,,,,,
qmsa_raw,,,,,,,,,,,,,,,,,,,,,,,QMSA,7.0,128.0,11.313708498984761,4.0,61.0,0.0,61.0,0.0,0.0,True,4.0,128.0,32.0,,,,,,,,,,,,,,,,,
qmsa_raw,,,,,,,,,,,,,,,,,,,,,,,QMSA,8.0,256.0,16.0,0.0,97.0,0.0,97.0,0.0,0.0,True,53.0,256.0,4.830188679245283,,,,,,,,,,,,,,,,,
qmsa_raw,,,,,,,,,,,,,,,,,,,,,,,QMSA,8.0,256.0,16.0,1.0,97.0,0.0,97.0,0.0,0.0,True,48.0,256.0,5.333333333333333,,,,,,,,,,,,,,,,,
qmsa_raw,,,,,,,,,,,,,,,,,,,,,,,QMSA,8.0,256.0,16.0,2.0,97.0,0.0,97.0,0.0,0.0,True,21.0,256.0,12.19047619047619,,,,,,,,,,,,,,,,,
qmsa_raw,,,,,,,,,,,,,,,,,,,,,,,QMSA,8.0,256.0,16.0,3.0,97.0,0.0,97.0,0.0,0.0,True,43.0,256.0,5.953488372093023,,,,,,,,,,,,,,,,,
qmsa_raw,,,,,,,,,,,,,,,,,,,,,,,QMSA,8.0,256.0,16.0,4.0,97.0,0.0,97.0,0.0,0.0,True,6.0,256.0,42.666666666666664,,,,,,,,,,,,,,,,,
qmsa_raw,,,,,,,,,,,,,,,,,,,,,,,QMSA,9.0,512.0,22.627416997969522,0.0,46.0,0.0,46.0,0.0,0.0,True,15.0,512.0,34.13333333333333,,,,,,,,,,,,,,,,,
qmsa_raw,,,,,,,,,,,,,,,,,,,,,,,QMSA,9.0,512.0,22.627416997969522,1.0,46.0,0.0,46.0,0.0,0.0,True,5.0,512.0,102.4,,,,,,,,,,,,,,,,,
qmsa_raw,,,,,,,,,,,,,,,,,,,,,,,QMSA,9.0,512.0,22.627416997969522,2.0,46.0,0.0,46.0,0.0,0.0,True,62.0,512.0,8.258064516129032,,,,,,,,,,,,,,,,,
qmsa_raw,,,,,,,,,,,,,,,,,,,,,,,QMSA,9.0,512.0,22.627416997969522,3.0,46.0,0.0,46.0,0.0,0.0,True,46.0,512.0,11.130434782608695,,,,,,,,,,,,,,,,,
qmsa_raw,,,,,,,,,,,,,,,,,,,,,,,QMSA,9.0,512.0,22.627416997969522,4.0,46.0,0.0,46.0,0.0,0.0,True,27.0,512.0,18.962962962962962,,,,,,,,,,,,,,,,,
qmsa_raw,,,,,,,,,,,,,,,,,,,,,,,QMSA,10.0,1024.0,32.0,0.0,1004.0,0.0,1004.0,0.0,0.0,True,24.0,1024.0,42.666666666666664,,,,,,,,,,,,,,,,,
qmsa_raw,,,,,,,,,,,,,,,,,,,,,,,QMSA,10.0,1024.0,32.0,1.0,1004.0,0.0,1004.0,0.0,0.0,True,40.0,1024.0,25.6,,,,,,,,,,,,,,,,,
qmsa_raw,,,,,,,,,,,,,,,,,,,,,,,QMSA,10.0,1024.0,32.0,2.0,1004.0,0.0,1004.0,0.0,0.0,True,8.0,1024.0,128.0,,,,,,,,,,,,,,,,,
qmsa_raw,,,,,,,,,,,,,,,,,,,,,,,QMSA,10.0,1024.0,32.0,3.0,1004.0,0.0,1004.0,0.0,0.0,True,50.0,1024.0,20.48,,,,,,,,,,,,,,,,,
qmsa_raw,,,,,,,,,,,,,,,,,,,,,,,QMSA,10.0,1024.0,32.0,4.0,1004.0,0.0,1004.0,0.0,0.0,True,59.0,1024.0,17.35593220338983,,,,,,,,,,,,,,,,,
qmsa_summary,,,,,,,,,,,,,,,,,,,,,,,QMSA,2.0,4.0,,,,,,,,,,,,1.2,2.16794833886788,0.0,1.0,3.3600000000000003,,,,,,,,,,,,
qmsa_summary,,,,,,,,,,,,,,,,,,,,,,,QMSA,3.0,8.0,,,,,,,,,,,,2.0,2.8284271247461903,0.0,1.0,6.628571428571428,,,,,,,,,,,,
qmsa_summary,,,,,,,,,,,,,,,,,,,,,,,QMSA,4.0,16.0,,,,,,,,,,,,5.0,5.1478150704935,0.0,1.0,6.361904761904762,,,,,,,,,,,,
qmsa_summary,,,,,,,,,,,,,,,,,,,,,,,QMSA,5.0,32.0,,,,,,,,,,,,7.4,8.590692637965812,0.7497621202804481,0.8,12.290909090909091,,,,,,,,,,,,
qmsa_summary,,,,,,,,,,,,,,,,,,,,,,,QMSA,6.0,64.0,,,,,,,,,,,,10.0,10.024968827881711,0.0,1.0,28.26666666666667,,,,,,,,,,,,
qmsa_summary,,,,,,,,,,,,,,,,,,,,,,,QMSA,7.0,128.0,,,,,,,,,,,,13.4,11.326958991715296,0.0,1.0,36.181333333333335,,,,,,,,,,,,
qmsa_summary,,,,,,,,,,,,,,,,,,,,,,,QMSA,8.0,256.0,,,,,,,,,,,,34.2,19.942417105255824,0.0,1.0,14.194830648362899,,,,,,,,,,,,
qmsa_summary,,,,,,,,,,,,,,,,,,,,,,,QMSA,9.0,512.0,,,,,,,,,,,,31.0,23.097618924902196,0.0,1.0,34.9769591190068,,,,,,,,,,,,
qmsa_summary,,,,,,,,,,,,,,,,,,,,,,,QMSA,10.0,1024.0,,,,,,,,,,,,36.2,20.42547429069886,0.0,1.0,46.8205197740113,,,,,,,,,,,,
qae_scaling,,,,,,,,,,,,,,,,,,,,,,,MC,1.0,,,,,,,,,,,,,,,,,,2.0,16384.0,0.0026082652959755212,0.003650169844027818,0.008433649456645867,0.005073880378621277,0.008497764897008812,,,,,
qae_scaling,,,,,,,,,,,,,,,,,,,,,,,QAE,1.0,,,,,,,,,,,,,,,,,,2.0,16384.0,0.0026082652959755212,0.0009765624863575795,0.0,0.0016317028096179418,0.0016317028096179418,6.0,1.0,0.002608265295975523,,
qae_scaling,,,,,,,,,,,,,,,,,,,,,,,MC,2.0,,,,,,,,,,,,,,,,,,4.0,16384.0,0.0026082652959755212,0.0036149436127563437,0.012636234478320902,0.004734937381938301,0.012676270075403987,,,,,
qae_scaling,,,,,,,,,,,,,,,,,,,,,,,QAE,2.0,,,,,,,,,,,,,,,,,,4.0,16384.0,0.0026082652959755212,0.0019592500680118983,0.0,0.000649015227963623,0.000649015227963623,6.0,2.0,0.002608265295975523,,
qae_scaling,,,,,,,,,,,,,,,,,,,,,,,MC,3.0,,,,,,,,,,,,,,,,,,8.0,16384.0,0.0026082652959755212,0.0027295805851290157,0.006222907443334508,0.0035572916305080028,0.006224089848941002,,,,,
qae_scaling,,,,,,,,,,,,,,,,,,,,,,,QAE,3.0,,,,,,,,,,,,,,,,,,8.0,16384.0,0.0026082652959755212,0.0027557158681314536,0.0,0.00014745057215593237,0.00014745057215593237,6.0,3.0,0.002608265295975523,,
qae_scaling,,,,,,,,,,,,,,,,,,,,,,,MC,4.0,,,,,,,,,,,,,,,,,,16.0,16384.0,0.0026082652959755212,0.003915834288529282,0.008887831622916164,0.0037630566713757843,0.008983500855879997,,,,,
qae_scaling,,,,,,,,,,,,,,,,,,,,,,,QAE,4.0,,,,,,,,,,,,,,,,,,16.0,16384.0,0.0026082652959755212,0.0022889998345647245,0.0,0.0003192654614107967,0.0003192654614107967,6.0,4.0,0.002608265295975523,,
qae_scaling,,,,,,,,,,,,,,,,,,,,,,,MC,5.0,,,,,,,,,,,,,,,,,,32.0,16384.0,0.0026082652959755212,0.0035096864459827058,0.005513200155966912,0.0032920961100657313,0.005586406362719585,,,,,
qae_scaling,,,,,,,,,,,,,,,,,,,,,,,QAE,5.0,,,,,,,,,,,,,,,,,,32.0,16384.0,0.0026082652959755212,0.0024878920153081413,0.0,0.00012037328066737997,0.00012037328066737997,6.0,5.0,0.002608265295975523,,
qae_scaling,,,,,,,,,,,,,,,,,,,,,,,MC,6.0,,,,,,,,,,,,,,,,,,64.0,16384.0,0.0026082652959755212,0.0029116586262046508,0.00308569757595874,0.0017798752819325366,0.003100576888758794,,,,,
qae_scaling,,,,,,,,,,,,,,,,,,,,,,,QAE,6.0,,,,,,,,,,,,,,,,,,64.0,16384.0,0.0026082652959755212,0.0022371745069637893,0.0,0.00037109078901173195,0.00037109078901173195,6.0,6.0,0.002608265295975523,,
qae_scaling,,,,,,,,,,,,,,,,,,,,,,,MC,7.0,,,,,,,,,,,,,,,,,,128.0,16384.0,0.0026082652959755212,0.0024548630570953066,0.0018713329383581805,0.0013190966215334567,0.0018776099736307653,,,,,
qae_scaling,,,,,,,,,,,,,,,,,,,,,,,QAE,7.0,,,,,,,,,,,,,,,,,,128.0,16384.0,0.0026082652959755212,0.002627055948806009,0.0,1.8790652830487885e-05,1.8790652830487885e-05,6.0,7.0,0.002608265295975523,,
qae_scaling,,,,,,,,,,,,,,,,,,,,,,,MC,8.0,,,,,,,,,,,,,,,,,,256.0,16384.0,0.0026082652959755212,0.00249784717556773,0.000744783845883745,0.0006137587426339073,0.0007529243908944453,,,,,
qae_scaling,,,,,,,,,,,,,,,,,,,,,,,QAE,8.0,,,,,,,,,,,,,,,,,,256.0,16384.0,0.0026082652959755212,0.0025949963894996413,0.0,1.3268906475879909e-05,1.3268906475879909e-05,6.0,8.0,0.002608265295975523,,
qae_scaling,,,,,,,,,,,,,,,,,,,,,,,MC,9.0,,,,,,,,,,,,,,,,,,512.0,16384.0,0.0026082652959755212,0.0024529277266796086,0.0007536469208601528,0.0006609025491618393,0.0007694890783869203,,,,,
qae_scaling,,,,,,,,,,,,,,,,,,,,,,,QAE,9.0,,,,,,,,,,,,,,,,,,512.0,16384.0,0.0026082652959755212,0.002608514735026546,0.0,2.494390510246122e-07,2.494390510246122e-07,6.0,9.0,0.002608265295975523,,
qae_scaling,,,,,,,,,,,,,,,,,,,,,,,MC,10.0,,,,,,,,,,,,,,,,,,1024.0,16384.0,0.0026082652959755212,0.0024000366675245377,0.0004876825292222345,0.0004632925699661226,0.0005302767305993857,,,,,
qae_scaling,,,,,,,,,,,,,,,,,,,,,,,QAE,10.0,,,,,,,,,,,,,,,,,,1024.0,16384.0,0.0026082652959755212,0.00260603735368982,0.0,2.2279422857013342e-06,2.2279422857013342e-06,6.0,10.0,0.002608265295975523,,
slope_summary,,,,,,,,,,,,,,,,,,,,,,,,,,,,,,,,,,,,,,,,,,,,,,,,,,,,-0.5283390854855721,-1.170132138800985
